,pr_text,pr_parsed,results
0,"InnovAI Summit 2023: A Glimpse into the Future of Artificial Intelligence

City of Virtue, Cyberspace - November 8, 2023 - The most anticipated event of the year, InnovAI Summit 2023, successfully concluded last weekend, on November 5, 2023. Held in the state-of-the-art VirtuTech Arena, the summit saw a massive turnout of over 3,500 participants, from brilliant AI enthusiasts and researchers to pioneers in the field.

Esteemed speakers took to the stage to shed light on the latest breakthroughs, practical implementations, and ethical considerations in AI. Dr. Evelyn Quantum, renowned for her groundbreaking work on Quantum Machine Learning, emphasized the importance of this merger and how it's revolutionizing computing as we know it. Another keynote came from Prof. Leo Nexus, whose current project 'AI for Sustainability' highlights the symbiotic relationship between nature and machine, aiming to use AI in restoring our planet's ecosystems.

This year's panel discussion, moderated by the talented Dr. Ada Neura, featured lively debates on the limits of AI in creative arts. Renowned digital artist, Felix Vortex, showcased how he uses generative adversarial networks to create surreal art pieces, while bestselling author, Iris Loom, explained her experiments with AI-assisted story crafting.

Among other highlights were hands-on workshops, interactive Q&A sessions, and an 'AI & Ethics' debate which was particularly well-received, emphasizing the need for transparency and fairness in AI models. An exclusive 'Start-up Alley' allowed budding entrepreneurs to showcase their innovations, gaining attention from global venture capitalists and media.

The event wrapped up with an announcement for InnovAI Summit 2024, set to be even grander. Participants left with a renewed enthusiasm for the vast possibilities that the AI and ML world promises.

For media inquiries, please contact: Jane Cipher Director of Communications, InnovAI Summit Email: jane.cipher@innovai.org Phone: +123-4567-8910","{
  ""name"": ""InnovAI Summit 2023"",
  ""date"": ""05.11.2023"",
  ""n_participants"": 3500,
  ""n_speakers"": 4,
  ""price"": ""None""
}","{
    ""name"": ""InnovAI Summit 2023"",
    ""date"": ""November 5, 2023"",
    ""n_participants"": 3500,
    ""n_speakers"": 3,
    ""price"": null
}"
1,"Press Dispatch: 'Artificial Mariners: Navigatin' the AI Seas' - The Grand AI and Machine Learnin' Symposium of 2023

October 12, 2023 - Tortuga Bay, The Spanish Main - Avast ye! Just a fortnight past, the shores of Tortuga Bay were graced with the grandest gatherin' of minds and marauders from across the seven seas. The event known far and wide as ""Artificial Mariners: Navigatin' the AI Seas"" did cast its anchor on the 8th and 9th of October, bringin' together a motley crew of over 2,000 sea dogs, scholars, and ship captains keen on decipherin' the mysteries of Artificial Intelligence and Machine Learnin'.

With the Jolly Roger flyin' high, the symposium boasted of tales and tools shared by the likes of the fearsome Dr. ""Blackwater"" Aria Kessler, known in the New World and Old for her dark arts in makin' machines mimic the mind. There were whispers amongst the crew about Dr. Jun ""Kraken"" Zhao, who spoke of harnessin' the monstrous power of calculations with nary a need for extra rum, savin' energy like a true sea scoundrel.

No gatherin' of this sort would be complete without explorin' the depths of ethical plunderin', led by the sharp-witted Dr. Sofia ""Siren"" Álvarez. Her talk drew maps for navigatin' the fine line 'twixt progress and plunder, makin' sure the power of our newfound intelligence be used for the good of all, not just the few.

But shiver me timbers, it weren’t all just jabber! Tomás ""One-Eye"" Rivera, a cunning pirate with a penchant for codes and ciphers, put together a hands-on spectacle. This live code-crackin' session saw shipmates and buccaneers alike put their heads together, tacklin' problems that'd make even the saltiest of sea dogs sweat.

As the sun set on the final day, the renowned and somewhat mystical Dr. Emilia ""Seafarer"" van der Meer took to the stage, her eyes alight with visions of uncharted waters. Her words wove tales of futures where our trusty shipmates, the AI, be integral to weatherin' the storms ahead, safeguardin' not just our gold, but our lands and livelihoods.

""'Twas a rally like no other, fillin' our hearts with fire and our minds with dreams of treasures that lay beyond the horizons of man and machine,"" confessed an old tar as he prepared to disembark.

As the symposium closed its doors, the air was thick with plans and plots, the promise of alliances, and a shared quest to conquer the vast, unpredictable seas of Artificial Intelligence.

For those wishin' to re-live the adventure or who couldn’t sail with us this time around, visit [Symposium’s Mysterious Cove].

Contact for parley:
Name: [Your trusty informant]
Title: [Harbormaster of Information]
Bird-mail: [Email]
Message in a bottle: [Phone Number]","{""name"": ""Artificial Mariners: Navigatin' the AI Seas"",
 ""date"": ""08.10.2023-09.10.2023"",
 ""n_participants"": 2000,
 ""n_speakers"": 5,
 ""price"":""None""}","{
    ""name"": ""Artificial Mariners: Navigatin' the AI Seas"",
    ""date"": ""October 8-9, 2023"",
    ""n_participants"": 2000,
    ""n_speakers"": 5,
    ""price"": null
}"
2,"FOR IMMEDIATE RELEASE

AI Innovators Convene at the Annual Machine Learning Symposium 2023

October 18, 2023 — The much-anticipated Annual Machine Learning Symposium 2023 drew to a successful close this past weekend, witnessing groundbreaking discussions and sharing of expertise in the vibrant field of machine learning. The event, held from October 14 to October 16, was an illuminating gathering, marked by the presence of industry experts, scholars, and rising talent.

Over 2,000 enthusiasts converged on the Downtown Conference Center in New York City, each contributing a registration fee of $1,450, an investment towards enhancing their understanding and networks in the machine learning sphere. The assembly provided a collaborative platform for participants to forge partnerships, discuss trends, and navigate the complexities of AI technologies.

This year's keynote speaker, Dr. Helena Bösch, CTO of Synthetica Industries, delivered an impactful lecture on ""Integrative AI: Melding Machine Learning with Human Intelligence."" Renowned data scientist Dr. Jonathan Krieger offered fresh perspectives on ""Navigating Data Privacy in Machine Learning,"" a topic resonating with contemporary global concerns. Joining them was the celebrated researcher Dr. Ana-Maria Constantin, shedding light on ""The Evolution of Predictive Analytics in the Post-Pandemic Era.""

One of the symposium's hallmarks was the introduction of a cutting-edge machine learning algorithm designed to revolutionize predictive modeling, unveiled by the trailblazing startup, Prognostica. CEO and founder Dr. Raymond Fok captivated the audience with a live demonstration, showcasing real-world applications and potential industry disruptions.

The symposium wasn't solely focused on professional and academic growth. Attendees had the opportunity to participate in various workshops, interactive Q&A sessions, and a highly competitive hackathon sponsored by leading tech enterprise, VirtuTech Solutions. The event also facilitated one-on-one sessions with the speakers, round-table discussions, and evening networking events in a more relaxed setting.

In addition, the ""Emergent AI Scholar Award"" and the ""Innovative ML Application of the Year"" were among the accolades presented at the prestigious closing ceremony. These awards acknowledged the contributions of individuals and enterprises propelling the industry forward through innovation, research, and applied solutions.

Feedback collected from participants underscored the event's success, pointing to the exceptional organization, high caliber of speakers, diversity of activities, and the invaluable opportunities for networking and skill enhancement.

Recordings and resource materials from the event are available for a post-event package fee of $350, providing access to this trove of knowledge for those who couldn’t attend in person. For more information on obtaining these materials or inquiries about the next event, interested parties are encouraged to contact the symposium’s administrative team.

Contact Information:
Name: Gregory Ashton
Title: Public Relations Manager
Email: contact@mlsymposium2023.com
Phone: +1-202-555-0184

About the Annual Machine Learning Symposium:
The Annual Machine Learning Symposium is a flagship event in the AI community, dedicated to advancing understanding, fostering talent, and promoting innovation in machine learning, serving as a bridge between groundbreaking technology and real-world application.

End of Release","{""name"": ""Annual Machine Learning Symposium 2023"",
 ""date"": ""14.10.2023-16.10.2023"",
 ""n_participants"": 2000,
 ""n_speakers"": 4,
 ""price"": ""USD 1450""}
","{
    ""name"": ""Annual Machine Learning Symposium 2023"",
    ""date"": ""October 14 to October 16, 2023"",
    ""n_participants"": 2000,
    ""n_speakers"": 3,
    ""price"": 1450
}"
3,"Press Release: Cutting-Edge Innovations Debuted at AI Advancements Summit 2023

October 18, 2023 — The annual AI Advancements Summit, held on October 16, 2023, drew an enthusiastic crowd of 800 professionals. Registrants secured their participation at $950 per seat, marking the event as one of this year's must-attend meetings in the tech community.

The summit showcased groundbreaking AI technologies, with influential thought leaders, Dr. Ana Torres, spotlighting ""Next-Gen Neural Networks,"" and AI strategist Tomás Moralez, unraveling the intricacies behind ""AI and Global Market Economics.""

Amid insightful sessions and networking opportunities, the summit stood out for its blend of academia and industry insights, presenting a 360-degree view of AI's current and future impact.

For further details, contact summit@aiadvancements2023.com.

End of Release","{""name"": ""AI Advancements Summit 2023"",
 ""date"": ""16.10.2023"",
 ""n_participants"": 800,
 ""n_speakers"": 2,
 ""price"": ""USD 900""}","{
    ""name"": ""AI Advancements Summit 2023"",
    ""date"": ""October 16, 2023"",
    ""n_participants"": 800,
    ""n_speakers"": 2,
    ""price"": 950
}"
4,"Press Release: Innovative Minds Gather at ""AI Horizon 2023""

October 18, 2023 — The highly anticipated AI event of the year, ""AI Horizon 2023,"" was held on October 15, 2023, drawing an impressive crowd of over 2,000 participants. Industry specialists, tech enthusiasts, and students converged to witness and engage in groundbreaking discussions, workshops, and live demonstrations.

The hallmark of ""AI Horizon 2023"" was its ""Tech for Good"" segment, where innovations transcended profitability and highlighted societal impact. A charity auction featuring AI-generated artwork and signed memorabilia from keynote speakers was a crowd favorite, successfully raising over $500,000. These funds are earmarked for global educational programs, emphasizing STEM for underprivileged communities.

Key discussions led by AI pioneers delved into ethical AI development, sustainability through technology, and inclusivity measures in AI practices. Panels also introduced cutting-edge AI tools poised to revolutionize healthcare, climate change management, and data security.

""AI Horizon 2023"" concluded with a commitment to stronger community collaboration, ethical technological advancement, and the establishment of a grant for aspiring AI startups focusing on humanitarian projects.

Details for next year's event and official partnership announcements are expected to be released in the coming weeks.

For continuous updates, visit our official website or follow us on social media platforms.

End of Release","{""name"": ""AI Horizon 2023"",
 ""date"": ""15.10.2023"",
 ""n_participants"":  2000,
 ""n_speakers"": ""None"",
 ""price"": ""None""}","{
    ""name"": ""AI Horizon 2023"",
    ""date"": ""October 15, 2023"",
    ""n_participants"": 2000,
    ""n_speakers"": null,
    ""price"": null
}"
5,"Press Release: ""AI for Equity Summit"" Champions Inclusivity in Technology

October 18, 2023 — The transformative ""AI for Equity Summit"" convened on October 15, 2023, marking an historic congregation of technological prowess dedicated to inclusivity and equitable advancements in artificial intelligence. The event welcomed over 3,000 attendees, each contributing a registration fee of $250, signifying their commitment to nurturing diversity in AI.

Six illustrious speakers graced the summit's virtual stage, including Dr. Ayesha Khurram, renowned for her work in ethical AI, tech visionary Omar Svensson, Dr. Lola Adebayo, an advocate for minorities in STEM, Dr. Ji-hoon Park, known for his innovative algorithms against biases, Maria Navarro, a crusader for women in tech, and coding prodigy, Zane Kirschner, who is making significant strides in accessible AI for persons with disabilities.

The summit wasn't just about discussions; it was about making tangible strides. The highlight was the launch of the ""AI Equity Initiative,"" a fund that collected over $1.2 million from participant contributions, aimed at supporting tech education in underserved regions.

Workshops emphasized actionable strategies for dismantling systemic barriers in the tech industry. Dr. Adebayo's session on 'Intersectionality in AI Development' and Kirschner's workshop titled 'Coding Without Barriers' particularly stood out for their depth and engagement.

Moreover, the ""AI for Equity Summit"" was proud to allocate 20% of all registration fees toward scholarships for students from underrepresented backgrounds to pursue AI studies.

In the wake of the event, a communiqué was released, expressing a unified pledge among the participants and speakers to proactively include underrepresented groups in both the development of AI and the conversations around it.

Attendees and interested parties are encouraged to stay informed through the summit's official channels for ongoing initiatives and future events.

End of Release","{""name"": ""AI for Equity Summit"",
 ""date"": ""15.10.2023"",
 ""n_participants"":  3000,
 ""n_speakers"": 6,
 ""price"": ""USD 250""}","{
    ""name"": ""AI for Equity Summit"",
    ""date"": ""October 15, 2023"",
    ""n_participants"": 3000,
    ""n_speakers"": 6,
    ""price"": 250
}"
6,"Press Release: Revolutionizing Creativity - The ""Generative Intelligence Conclave, Spain 2023""

Madrid, Spain — October 11, 2023 — Groundbreaking innovations were unveiled at the ""Generative Intelligence Conclave, Spain 2023,"" held in Madrid on October 8, attracting over 2,000 enthusiasts, creators, and developers in the field of Generative Artificial Intelligence. The event, priced at €180 per registration, became a melting pot of ideas, setting a new standard in the realm of creative AI technologies.

Three keynote speakers, all trailblazers in AI, captivated the audience with their insights. Dr. Francisco José de la Santísima Trinidad Guerrero, an authority in neural networks, delved into the ethics of generative AI. Prof. Maria del Carmen Ángeles de la Concepción Serrano, renowned for her expertise in machine learning, discussed the revolutionary impact of AI on contemporary art and design. Lastly, Dr. Alejandro César del Sagrado Corazón de Jesús Villanueva explored the boundaries of AI in enhancing musical creativity, inspiring many with his team's innovative endeavors.

The conclave was more than a series of lectures; it was an interactive experience. Hands-on workshops allowed participants to create their own AI-generated content, from visual arts to symphonic compositions. A special segment of the event showcased AI-generated art, some of which were auctioned. Proceeds, amounting to €30,000, were generously donated to local schools to support technological education for the underprivileged youth.

Furthermore, the event saw the launch of a collaborative generative AI community platform, aimed at providing support and continuing innovation among professionals and hobbyists alike.

In compliance with environmental standards, the ""Generative Intelligence Conclave"" offset all its carbon footprints, reinforcing its commitment to responsibility as we step into the future of technology.

The event closed with a panel discussion featuring the keynote speakers, sparking a forward-thinking dialogue on the limitless potential and ethical considerations of generative AI.

For ongoing collaborations and future participations, attendees and AI aficionados can connect through the conclave's official digital platforms.

End of Release","{""name"": ""Generative Intelligence Conclave, Spain 2023"",
 ""date"": ""08.10.2023"",
 ""n_participants"":  2000,
 ""n_speakers"": 3,
 ""price"": ""EUR 180""}","{
    ""name"": ""Generative Intelligence Conclave, Spain 2023"",
    ""date"": ""2023-10-08"",
    ""n_participants"": 2000,
    ""n_speakers"": 3,
    ""price"": 180
}"
